parameter,value
T_infinity_C,29.763375463129197
A,-0.12077816479560563
B,0.00012176799959277276
